# Catalog Locus ID	Cnt	GVA1418	GVA1515	GVA1926
1	2	consensus	consensus	-
2	1	consensus	-	-
3	1	consensus	-	-
4	1	consensus	-	-
5	1	consensus	-	-
6	1	consensus	-	-
7	1	consensus	-	-
8	1	consensus	-	-
9	1	consensus	-	-
10	1	consensus	-	-
11	1	consensus	-	-
12	1	consensus	-	-
13	1	consensus	-	-
14	1	consensus	-	-
15	1	consensus	-	-
16	2	A/A	G/G	-
17	1	consensus	-	-
18	1	consensus	-	-
19	1	consensus	-	-
20	1	consensus	-	-
21	1	consensus	-	-
22	1	consensus	-	-
23	1	consensus	-	-
24	1	consensus	-	-
25	1	consensus	-	-
26	1	consensus	-	-
27	1	consensus	-	-
28	2	AT/AT	GC/GC	-
29	2	consensus	consensus	-
30	1	consensus	-	-
31	1	consensus	-	-
32	1	consensus	-	-
33	1	consensus	-	-
34	1	consensus	-	-
35	1	consensus	-	-
36	1	consensus	-	-
37	1	consensus	-	-
38	1	consensus	-	-
39	1	consensus	-	-
40	1	consensus	-	-
41	3	consensus	consensus	consensus
42	1	consensus	-	-
43	1	consensus	-	-
44	1	consensus	-	-
45	1	consensus	-	-
46	1	consensus	-	-
47	1	consensus	-	-
48	1	consensus	-	-
49	1	consensus	-	-
50	1	consensus	-	-
51	1	consensus	-	-
52	1	consensus	-	-
53	1	consensus	-	-
54	1	consensus	-	-
55	1	consensus	-	-
56	1	consensus	-	-
57	1	consensus	-	-
58	1	consensus	-	-
59	1	consensus	-	-
60	1	consensus	-	-
61	1	consensus	-	-
62	1	consensus	-	-
63	1	consensus	-	-
64	1	consensus	-	-
65	1	consensus	-	-
66	1	consensus	-	-
67	1	consensus	-	-
68	1	consensus	-	-
69	1	consensus	-	-
70	1	consensus	-	-
71	1	consensus	-	-
72	1	consensus	-	-
73	1	consensus	-	-
74	1	consensus	-	-
75	1	consensus	-	-
76	2	consensus	consensus	-
77	1	consensus	-	-
78	2	consensus	consensus	-
79	1	consensus	-	-
80	1	consensus	-	-
81	1	consensus	-	-
82	1	consensus	-	-
83	1	consensus	-	-
84	1	consensus	-	-
85	1	consensus	-	-
86	1	consensus	-	-
87	1	consensus	-	-
88	1	consensus	-	-
89	1	consensus	-	-
91	2	consensus	consensus	-
92	1	consensus	-	-
93	1	-	consensus	-
94	1	-	consensus	-
95	1	-	consensus	-
96	1	-	consensus	-
97	1	-	consensus	-
98	1	-	consensus	-
99	1	-	consensus	-
100	1	-	consensus	-
101	1	-	consensus	-
102	1	-	consensus	-
103	1	-	consensus	-
104	1	-	consensus	-
105	1	-	consensus	-
106	1	-	consensus	-
107	1	-	consensus	-
108	1	-	consensus	-
109	1	-	consensus	-
110	1	-	consensus	-
111	1	-	consensus	-
112	1	-	consensus	-
113	1	-	consensus	-
114	1	-	CAA/GGG	-
115	1	-	consensus	-
116	1	-	consensus	-
117	1	-	consensus	-
118	1	-	consensus	-
119	1	-	consensus	-
120	1	-	consensus	-
121	1	-	consensus	-
122	1	-	consensus	-
123	1	-	consensus	-
124	1	-	consensus	-
125	1	-	consensus	-
126	1	-	consensus	-
127	1	-	consensus	-
128	1	-	consensus	-
129	1	-	consensus	-
130	1	-	consensus	-
131	1	-	consensus	-
132	1	-	consensus	-
133	1	-	consensus	-
134	1	-	consensus	-
135	1	-	consensus	-
136	1	-	consensus	-
137	1	-	consensus	-
138	1	-	consensus	-
139	1	-	consensus	-
140	1	-	consensus	-
141	1	-	consensus	-
142	1	-	consensus	-
143	1	-	consensus	-
144	1	-	consensus	-
145	1	-	consensus	-
146	2	-	consensus	consensus
147	1	-	consensus	-
148	1	-	consensus	-
149	1	-	consensus	-
150	1	-	consensus	-
151	1	-	C/T	-
152	1	-	consensus	-
153	1	-	consensus	-
154	1	-	consensus	-
155	1	-	consensus	-
156	1	-	consensus	-
157	1	-	consensus	-
158	1	-	consensus	-
159	1	-	consensus	-
160	1	-	consensus	-
161	1	-	consensus	-
162	1	-	consensus	-
163	1	-	-	consensus
164	1	-	-	consensus
165	1	-	-	consensus
166	1	-	-	consensus
167	1	-	-	consensus
168	1	-	-	consensus
169	1	-	-	consensus
170	1	-	-	consensus
171	1	-	-	consensus
172	1	-	-	consensus
173	1	-	-	consensus
174	1	-	-	consensus
175	1	-	-	consensus
176	1	-	-	consensus
177	1	-	-	consensus
178	1	-	-	consensus
179	1	-	-	consensus
180	1	-	-	consensus
181	1	-	-	consensus
182	1	-	-	consensus
183	1	-	-	consensus
184	1	-	-	consensus
185	1	-	-	consensus
186	1	-	-	consensus
187	1	-	-	consensus
188	1	-	-	consensus
189	1	-	-	consensus
190	1	-	-	consensus
191	1	-	-	consensus
192	1	-	-	consensus
193	1	-	-	consensus
194	1	-	-	consensus
195	1	-	-	consensus
196	1	-	-	consensus
197	1	-	-	consensus
