[Header],,,,,,
Experiment Name,GVA_1,,,,,
Date,16/01/2024,,,,,
Module,GenerateFASTQ - 3.0.1,,,,,
Workflow,GenerateFASTQ,,,,,
Library Prep Kit,Custom,,,,,
Index Kit,Custom,,,,,
Description,,,,,,
Chemistry,Amplicon,,,,,
[Reads],,,,,,
251,,,,,,
251,,,,,,
[Data],,,,,,
Sample_ID,Description,I7_Index_ID,index,I5_Index_ID,index2,Sample_Project
GVA1418,MK1_A1,P7-06,TCTCCAT,P5-01,TCGCAGG,RAD_GVA1
GVA1435,MK1_B1,P7-06,TCTCCAT,P5-02,CTCTGCA,RAD_GVA1
GVA1437,MK1_C1,P7-06,TCTCCAT,P5-03,CCTAGGT,RAD_GVA1
GVA1507,MK1_D1,P7-06,TCTCCAT,P5-04,GGATCAA,RAD_GVA1
GVA1509,MK1_E1,P7-06,TCTCCAT,P5-06,ATGGAGA,RAD_GVA1
GVA409,MK1_F1,P7-06,TCTCCAT,P5-05,GCAAGAT,RAD_GVA1
GVA1438,MK1_G1,P7-06,TCTCCAT,P5-07,CTCGATG,RAD_GVA1
GVA1504,MK1_H1,P7-06,TCTCCAT,P5-08,GCTCGAA,RAD_GVA1
GVA1515,MK1_A2,P7-07,CATCGAG,P5-01,TCGCAGG,RAD_GVA1
GVA1889,MK1_B2,P7-07,CATCGAG,P5-02,CTCTGCA,RAD_GVA1
GVA1890,MK1_C2,P7-07,CATCGAG,P5-03,CCTAGGT,RAD_GVA1
GVA1895,MK1_D2,P7-07,CATCGAG,P5-04,GGATCAA,RAD_GVA1
GVA1896,MK1_E2,P7-07,CATCGAG,P5-06,ATGGAGA,RAD_GVA1
GVA1923,MK1_F2,P7-07,CATCGAG,P5-05,GCAAGAT,RAD_GVA1
GVA1924,MK1_G2,P7-07,CATCGAG,P5-07,CTCGATG,RAD_GVA1
GVA1925,MK1_H2,P7-07,CATCGAG,P5-08,GCTCGAA,RAD_GVA1
GVA1926,MK1_A3,P7-08,TTCGAGC,P5-01,TCGCAGG,RAD_GVA1
GVA1927,MK1_B3,P7-08,TTCGAGC,P5-02,CTCTGCA,RAD_GVA1
GVA1928,MK1_C3,P7-08,TTCGAGC,P5-03,CCTAGGT,RAD_GVA1
GVA2725,MK1_D3,P7-08,TTCGAGC,P5-04,GGATCAA,RAD_GVA1
GVA2781,MK1_E3,P7-08,TTCGAGC,P5-06,ATGGAGA,RAD_GVA1
GVA2950,MK1_F3,P7-08,TTCGAGC,P5-05,GCAAGAT,RAD_GVA1
GVA2951,MK1_G3,P7-08,TTCGAGC,P5-07,CTCGATG,RAD_GVA1
GVA2952,MK1_H3,P7-08,TTCGAGC,P5-08,GCTCGAA,RAD_GVA1
GVA3068,MK1_A4,P7-09,AGTTGGT,P5-01,TCGCAGG,RAD_GVA1
GVA3096,MK1_B4,P7-09,AGTTGGT,P5-02,CTCTGCA,RAD_GVA1
GVA3105,MK1_C4,P7-09,AGTTGGT,P5-03,CCTAGGT,RAD_GVA1
GVA3191,MK1_D4,P7-09,AGTTGGT,P5-04,GGATCAA,RAD_GVA1
GVA3523,MK1_E4,P7-09,AGTTGGT,P5-06,ATGGAGA,RAD_GVA1
GVA3524,MK1_F4,P7-09,AGTTGGT,P5-05,GCAAGAT,RAD_GVA1
GVA3544,MK1_G4,P7-09,AGTTGGT,P5-07,CTCGATG,RAD_GVA1
GVA3552,MK1_H4,P7-09,AGTTGGT,P5-08,GCTCGAA,RAD_GVA1
GVA3569,MK1_A5,P7-10,GTACCGG,P5-01,TCGCAGG,RAD_GVA1
GVA3570,MK1_B5,P7-10,GTACCGG,P5-02,CTCTGCA,RAD_GVA1
GVA3571,MK1_C5,P7-10,GTACCGG,P5-03,CCTAGGT,RAD_GVA1
GVA4177,MK1_D5,P7-10,GTACCGG,P5-04,GGATCAA,RAD_GVA1
GVA4181,MK1_E5,P7-10,GTACCGG,P5-06,ATGGAGA,RAD_GVA1
GVA4315,MK1_F5,P7-10,GTACCGG,P5-05,GCAAGAT,RAD_GVA1
GVA4492,MK1_G5,P7-10,GTACCGG,P5-07,CTCGATG,RAD_GVA1
GVA5209,MK1_H5,P7-10,GTACCGG,P5-08,GCTCGAA,RAD_GVA1
GVA6585,MK1_A6,P7-11,CGGAGTT,P5-01,TCGCAGG,RAD_GVA1
GVA6586,MK1_B6,P7-11,CGGAGTT,P5-02,CTCTGCA,RAD_GVA1
GVA6635,MK1_C6,P7-11,CGGAGTT,P5-03,CCTAGGT,RAD_GVA1
GVA6636,MK1_D6,P7-11,CGGAGTT,P5-04,GGATCAA,RAD_GVA1
GVA6637,MK1_E6,P7-11,CGGAGTT,P5-06,ATGGAGA,RAD_GVA1
GVA6638,MK1_F6,P7-11,CGGAGTT,P5-05,GCAAGAT,RAD_GVA1
GVA6656,MK1_G6,P7-11,CGGAGTT,P5-07,CTCGATG,RAD_GVA1
GVA6657,MK1_H6,P7-11,CGGAGTT,P5-08,GCTCGAA,RAD_GVA1
GVA6658,MK1_A7,P7-12,ACTTCAA,P5-01,TCGCAGG,RAD_GVA1
GVA6659,MK1_B7,P7-12,ACTTCAA,P5-02,CTCTGCA,RAD_GVA1
GVA6660,MK1_C7,P7-12,ACTTCAA,P5-03,CCTAGGT,RAD_GVA1
GVA6661,MK1_D7,P7-12,ACTTCAA,P5-04,GGATCAA,RAD_GVA1
GVA6662,MK1_E7,P7-12,ACTTCAA,P5-06,ATGGAGA,RAD_GVA1
GVA6663,MK1_F7,P7-12,ACTTCAA,P5-05,GCAAGAT,RAD_GVA1
GVA6664,MK1_G7,P7-12,ACTTCAA,P5-07,CTCGATG,RAD_GVA1
GVA6665,MK1_H7,P7-12,ACTTCAA,P5-08,GCTCGAA,RAD_GVA1
GVA6666,MK1_A8,P7-13,TGATAGT,P5-01,TCGCAGG,RAD_GVA1
GVA6667,MK1_B8,P7-13,TGATAGT,P5-02,CTCTGCA,RAD_GVA1
GVA6669,MK1_C8,P7-13,TGATAGT,P5-03,CCTAGGT,RAD_GVA1
GVA6670,MK1_D8,P7-13,TGATAGT,P5-04,GGATCAA,RAD_GVA1
GVA6671,MK1_E8,P7-13,TGATAGT,P5-06,ATGGAGA,RAD_GVA1
GVA6672,MK1_F8,P7-13,TGATAGT,P5-05,GCAAGAT,RAD_GVA1
GVA7360,MK1_G8,P7-13,TGATAGT,P5-07,CTCGATG,RAD_GVA1
GVA7937,MK1_H8,P7-13,TGATAGT,P5-08,GCTCGAA,RAD_GVA1
GVA9165,MK1_A9,P7-14,GATCCAA,P5-01,TCGCAGG,RAD_GVA1
GVA9253,MK1_B9,P7-14,GATCCAA,P5-02,CTCTGCA,RAD_GVA1
GVA9254,MK1_C9,P7-14,GATCCAA,P5-03,CCTAGGT,RAD_GVA1
GVA9269,MK1_D9,P7-14,GATCCAA,P5-04,GGATCAA,RAD_GVA1
GVA9272,MK1_E9,P7-14,GATCCAA,P5-06,ATGGAGA,RAD_GVA1
GVA9420,MK1_F9,P7-14,GATCCAA,P5-05,GCAAGAT,RAD_GVA1
GVA9477,MK1_G9,P7-14,GATCCAA,P5-07,CTCGATG,RAD_GVA1
Neg,MK1_H9,P7-14,GATCCAA,P5-08,GCTCGAA,RAD_GVA1
