Well,SampleName,P1 Adapter,P2 Adapter,i7,i5
A1,GVA1418,SP1_01,P2_Acl.A,TCTCCAT,TCGCAGG
B1,GVA1435,SP1_01,P2_Acl.A,TCTCCAT,CTCTGCA
C1,GVA1437,SP1_01,P2_Acl.A,TCTCCAT,CCTAGGT
D1,GVA1507,SP1_01,P2_Acl.A,TCTCCAT,GGATCAA
E1,GVA1509,SP1_01,P2_Acl.A,TCTCCAT,ATGGAGA
F1,GVA409,SP1_14,P2_Acl.A,TCTCCAT,GCAAGAT
G1,GVA1438,SP1_34,P2_Acl.A,TCTCCAT,CTCGATG
H1,GVA1504,SP1_35,P2_Acl.A,TCTCCAT,GCTCGAA
A2,GVA1515,SP1_01,P2_Acl.B,CATCGAG,TCGCAGG
B2,GVA1889,SP1_02,P2_Acl.B,CATCGAG,CTCTGCA
C2,GVA1890,SP1_03,P2_Acl.B,CATCGAG,CCTAGGT
D2,GVA1895,SP1_12,P2_Acl.B,CATCGAG,GGATCAA
E2,GVA1896,SP1_13,P2_Acl.B,CATCGAG,ATGGAGA
F2,GVA1923,SP1_14,P2_Acl.B,CATCGAG,GCAAGAT
G2,GVA1924,SP1_34,P2_Acl.B,CATCGAG,CTCGATG
H2,GVA1925,SP1_35,P2_Acl.B,CATCGAG,GCTCGAA
A3,GVA1926,SP1_01,P2_Acl.C,TTCGAGC,TCGCAGG
B3,GVA1927,SP1_02,P2_Acl.C,TTCGAGC,CTCTGCA
C3,GVA1928,SP1_03,P2_Acl.C,TTCGAGC,CCTAGGT
D3,GVA2725,SP1_12,P2_Acl.C,TTCGAGC,GGATCAA
E3,GVA2781,SP1_13,P2_Acl.C,TTCGAGC,ATGGAGA
F3,GVA2950,SP1_14,P2_Acl.C,TTCGAGC,GCAAGAT
G3,GVA2951,SP1_34,P2_Acl.C,TTCGAGC,CTCGATG
H3,GVA2952,SP1_35,P2_Acl.C,TTCGAGC,GCTCGAA
A4,GVA3068,SP1_01,P2_Acl.A,AGTTGGT,TCGCAGG
B4,GVA3096,SP1_02,P2_Acl.A,AGTTGGT,CTCTGCA
C4,GVA3105,SP1_03,P2_Acl.A,AGTTGGT,CCTAGGT
D4,GVA3191,SP1_12,P2_Acl.A,AGTTGGT,GGATCAA
E4,GVA3523,SP1_13,P2_Acl.A,AGTTGGT,ATGGAGA
F4,GVA3524,SP1_14,P2_Acl.A,AGTTGGT,GCAAGAT
G4,GVA3544,SP1_34,P2_Acl.A,AGTTGGT,CTCGATG
H4,GVA3552,SP1_35,P2_Acl.A,AGTTGGT,GCTCGAA
A5,GVA3569,SP1_01,P2_Acl.B,GTACCGG,TCGCAGG
B5,GVA3570,SP1_02,P2_Acl.B,GTACCGG,CTCTGCA
C5,GVA3571,SP1_03,P2_Acl.B,GTACCGG,CCTAGGT
D5,GVA4177,SP1_12,P2_Acl.B,GTACCGG,GGATCAA
E5,GVA4181,SP1_13,P2_Acl.B,GTACCGG,ATGGAGA
F5,GVA4315,SP1_14,P2_Acl.B,GTACCGG,GCAAGAT
G5,GVA4492,SP1_34,P2_Acl.B,GTACCGG,CTCGATG
H5,GVA5209,SP1_35,P2_Acl.B,GTACCGG,GCTCGAA
A6,GVA6585,SP1_01,P2_Acl.C,CGGAGTT,TCGCAGG
B6,GVA6586,SP1_02,P2_Acl.C,CGGAGTT,CTCTGCA
C6,GVA6635,SP1_03,P2_Acl.C,CGGAGTT,CCTAGGT
D6,GVA6636,SP1_12,P2_Acl.C,CGGAGTT,GGATCAA
E6,GVA6637,SP1_13,P2_Acl.C,CGGAGTT,ATGGAGA
F6,GVA6638,SP1_14,P2_Acl.C,CGGAGTT,GCAAGAT
G6,GVA6656,SP1_34,P2_Acl.C,CGGAGTT,CTCGATG
H6,GVA6657,SP1_35,P2_Acl.C,CGGAGTT,GCTCGAA
A7,GVA6658,SP1_01,P2_Acl.A,ACTTCAA,TCGCAGG
B7,GVA6659,SP1_02,P2_Acl.A,ACTTCAA,CTCTGCA
C7,GVA6660,SP1_03,P2_Acl.A,ACTTCAA,CCTAGGT
D7,GVA6661,SP1_12,P2_Acl.A,ACTTCAA,GGATCAA
E7,GVA6662,SP1_13,P2_Acl.A,ACTTCAA,ATGGAGA
F7,GVA6663,SP1_14,P2_Acl.A,ACTTCAA,GCAAGAT
G7,GVA6664,SP1_34,P2_Acl.A,ACTTCAA,CTCGATG
H7,GVA6665,SP1_35,P2_Acl.A,ACTTCAA,GCTCGAA
A8,GVA6666,SP1_01,P2_Acl.B,TGATAGT,TCGCAGG
B8,GVA6667,SP1_02,P2_Acl.B,TGATAGT,CTCTGCA
C8,GVA6669,SP1_03,P2_Acl.B,TGATAGT,CCTAGGT
D8,GVA6670,SP1_12,P2_Acl.B,TGATAGT,GGATCAA
E8,GVA6671,SP1_13,P2_Acl.B,TGATAGT,ATGGAGA
F8,GVA6672,SP1_14,P2_Acl.B,TGATAGT,GCAAGAT
G8,GVA7360,SP1_34,P2_Acl.B,TGATAGT,CTCGATG
H8,GVA7937,SP1_35,P2_Acl.B,TGATAGT,GCTCGAA
A9,GVA9165,SP1_01,P2_Acl.C,GATCCAA,TCGCAGG
B9,GVA9253,SP1_02,P2_Acl.C,GATCCAA,CTCTGCA
C9,GVA9254,SP1_03,P2_Acl.C,GATCCAA,CCTAGGT
D9,GVA9269,SP1_12,P2_Acl.C,GATCCAA,GGATCAA
E9,GVA9272,SP1_13,P2_Acl.C,GATCCAA,ATGGAGA
F9,GVA9420,SP1_14,P2_Acl.C,GATCCAA,GCAAGAT
G9,GVA9477,SP1_34,P2_Acl.C,GATCCAA,CTCGATG
H9,Neg,SP1_35,P2_Acl.C,GATCCAA,GCTCGAA
